seccion,copy_principal,copy_secundario,cta,notas
hero,Prepara la PAU todo el año. No solo en mayo.,Pausia es el entrenador personal que te dice qué estudiar cada día — desde septiembre hasta junio. Sin agobios de última hora.,Empieza tu Camino PAU,El hero debe transmitir continuidad y control. Evitar palabras como "fácil" o "garantizado". El alumno debe sentir que tiene un plan real.
problema,La mayoría llega a mayo sin base suficiente.,Los apuntes existen. Los exámenes de años anteriores existen. Pero sin estructura diaria el alumno no sabe por dónde empezar. Y cuando empieza tarde ya es tarde.,Ver cómo funciona,El problema debe resonar con el alumno y también con los padres. Evitar ser condescendiente. Hablar de estructura y método no de falta de esfuerzo.
solución,Una misión cada día. 20-30 minutos. Eso es todo.,Camino PAU diseña tu entrenamiento semanal basándose en tu nivel los exámenes PAU reales y lo que más te falla. Tú solo tienes que entrar y hacerlo.,Ver el plan semana a semana,La solución debe parecer simple y alcanzable. No prometer milagros. Destacar que el contenido es exámenes reales — no inventado.
misión diaria,Cada día tu misión. Nada más nada menos.,Matemáticas II. Historia de España. Inglés. Cada día Pausia te dice exactamente qué practicar: un bloque concreto un ejercicio real o una corrección con IA. Sin decidir tú qué tocar.,Probar una misión de ejemplo,Mostrar una captura o mockup de la misión diaria si es posible. El copy debe ser claro y evitar tecnicismos. El alumno debe entender en 5 segundos qué va a hacer.
racha y xp,Construye el hábito. Día a día.,Cada misión completada suma XP. Cada racha de días seguidos desbloquea bonus. No porque sea un juego — sino porque los hábitos se construyen así.,Ver cómo funciona el sistema,No infantilizar las mecánicas de gamificación. Presentarlas como herramientas de hábito no como premios de videojuego. El tono debe ser adulto y directo.
predicción de nota,Sabe en todo momento dónde estás.,A medida que practicas Pausia calcula una predicción de nota real basada en tus resultados. No en tests de ansiedad. En ejercicios PAU reales que ya has hecho.,Ver ejemplo de predicción,Aclarar que es una estimación basada en historial no una garantía. Evitar prometer notas específicas.
simulacros finales,Cuando llegue mayo estarás listo.,En las semanas finales Camino PAU te prepara con simulacros completos en formato PAU real corregidos con IA. Sin sorpresas el día del examen.,Ver cómo son los simulacros,Conectar con el modo simulacro existente de Pausia. El alumno que ya usa Pausia debe entender que Camino PAU es la capa de planificación anual encima de lo que ya conoce.
pack curso pau,El pack completo para tu PAU.,Acceso a Camino PAU durante todo el curso. Matemáticas II Historia de España e Inglés. Misión diaria. Corrección con IA. Simulacros. Predicción de nota. Todo incluido.,Ver precio del pack,No incluir precio real en esta sección — pendiente de definición. El CTA lleva a la página de precios. Evitar el término "suscripción" si el pack es de pago único anual.
beta privada,Acceso anticipado para los primeros.,Estamos construyendo Camino PAU y buscamos un grupo reducido de alumnos que quieran probarlo antes que nadie. Tu feedback dará forma al producto.,Apuntarme a la beta,La beta privada debe transmitir exclusividad y comunidad. No prometer que estará todo listo. Ser honestos sobre el estado del producto.
