tipo_tarea,descripcion,cuando_usarla,duracion_estimada,requiere_ia,xp_base,notas
flashcard,El alumno ve una tarjeta con una pregunta o concepto clave y marca si lo sabía o no. El sistema ajusta la frecuencia de aparición según el resultado.,Todas las fases. Especialmente en fase 1 para construir vocabulario y conceptos base. También como calentamiento antes de cualquier tarea.,5-10 min,No,5,El XP se asigna por flashcard completada. Si el alumno dice que no la sabía el sistema la muestra de nuevo antes. Revisar si el sistema de espaciado (spaced repetition) es necesario en MVP o se simplifica.
ejercicio_corto,El alumno resuelve un ejercicio o pregunta extraída de exámenes reales PAU de un bloque concreto. Puede ser un cálculo (mates) una pregunta de desarrollo corto (historia) o una actividad de comprensión (inglés).,Fase 1 y 2 principalmente. Es la tarea más frecuente. Cubre la mayor parte del tiempo de práctica en las primeras semanas.,10-15 min,No,15,El ejercicio debe ser real y estar indexado. El alumno no recibe corrección IA en esta tarea (es automática o sin corrección en MVP). Revisar criterios de corrección automática para mates.
correccion_ia,El alumno escribe una respuesta larga (comentario histórico de 200-300 palabras writing en inglés de 150-200 palabras o ejercicio de desarrollo en matemáticas) y la IA la evalúa con criterios PAU.,Fase 2 en adelante. Especialmente para inglés writing historia comentario de texto y matemáticas ejercicios de desarrollo.,20-25 min,Sí,30,La corrección IA usa los prompts actuales de Kairo adaptados al formato Camino PAU. Solo suma XP si el alumno envía la respuesta (no por solo ver el ejercicio). Revisar si el prompt de corrección de writing en inglés está listo.
repaso_error,El sistema muestra al alumno ejercicios o preguntas que ha fallado en los últimos 7 días. El alumno los intenta de nuevo. El XP se otorga por el intento no solo por acertar.,Siempre disponible como capa de la misión. Especialmente importante en fases 3 y 4 y en semanas de repaso del calendario.,10-15 min,No,20,El sistema debe rastrear los errores por bloque y tipo de tarea. En MVP puede ser una lista simple de los últimos 5 fallos. Revisar cómo se define "error" para cada tipo de tarea.
mini_simulacro,El alumno responde 1-2 preguntas de examen PAU real en condiciones similares al examen: con tiempo aproximado sin ayudas y en formato de examen. Se corrige de forma básica o con IA si es respuesta abierta.,Fase 2 principalmente. Introduce al alumno al formato de examen real sin la presión de hacer el examen completo.,20-30 min,Opcional,50,El mini simulacro puede ser automático (corrección por puntos) o con IA (respuestas abiertas). Revisar qué porcentaje de preguntas PAU son tipo test vs desarrollo para decidir cuántos necesitan IA.
simulacro_completo,Examen completo en formato PAU real con todas las secciones y tiempo ajustado. Las respuestas abiertas se corrigen con IA. El alumno recibe una nota estimada y retroalimentación por pregunta.,Fase 4 principalmente. También disponible en fase 3 para alumnos avanzados.,45-60 min,Sí,100,Integra directamente con el modo simulacro existente de Kairo. No crear un sistema nuevo. Revisar si el simulacro existente cubre los tres formatos de examen (mates historia inglés) con datos suficientes.
reading,El alumno lee un texto en inglés (noticia artículo o texto académico) y responde preguntas de comprensión en el formato PAU: preguntas de verdadero/falso resumen vocabulario en contexto.,Solo en Inglés. Cualquier fase desde la 1.,10-15 min,No,15,Los textos deben ser de dificultad ajustada por fase. Revisar si los textos de reading disponibles están indexados por nivel y tipo.
writing,El alumno escribe un texto argumentativo de opinión o descriptivo de aproximadamente 150-200 palabras. En fase 2 en adelante se corrige con IA.,Solo en Inglés. Fase 1: writing guiado. Fase 2 en adelante: writing libre con corrección IA.,15-20 min,Sí (fase 2+),25,El writing sin IA en fase 1 puede quedar sin corrección o con una rúbrica básica de autoevaluación. Revisar si el alumno puede autoevaluarse de forma útil en fase 1.
test,Preguntas de opción múltiple o respuesta corta para vocabulario gramática o conceptos históricos. Rápido y útil para repasos.,Cualquier fase. Especialmente útil para vocabulario de inglés conceptos históricos y fórmulas matemáticas básicas.,5-10 min,No,10,El test puede ser generado a partir de flashcards existentes. Revisar si en MVP es distinto de la flashcard o si se puede unificar en una sola mecánica.
